id;name;description;price;created_date;last_modified_date;created_by;last_modified_by;category_id
1;Supervisor Berkshire;azure;22934;2022-12-23T02:32:35;2022-12-23T12:37:41;19723;87405;1
2;McDonald;Bedfordshire Tuna;63865;2022-12-23T21:25:00;2022-12-23T19:39:32;98451;35270;2
3;Buckinghamshire Loan;navigate Bedfordshire;41365;2022-12-23T17:26:18;2022-12-23T06:49:24;53112;17687;3
4;Generic Games Granite;Kids;71953;2022-12-23T12:11:24;2022-12-23T19:39:39;13131;63915;4
5;Health Pizza District;Spain;3682;2022-12-23T16:14:47;2022-12-23T16:40:07;78819;32174;5
6;Agent Vista;Directives array;65443;2022-12-23T18:43:08;2022-12-23T02:57:36;2593;38716;6
7;Corporate;Generic IB York;46749;2022-12-23T13:51:13;2022-12-23T10:31:55;21179;74475;7
8;Paradigm open-source;Digitized Orchard impactful;28047;2022-12-23T19:20:27;2022-12-23T22:11:25;45352;27830;8
9;content;copy;37090;2022-12-23T09:12:23;2022-12-23T15:58:21;41217;1639;9
10;yellow;Kids National bypass;23007;2022-12-23T20:08:30;2022-12-23T09:32:25;66465;70217;10
